                  epoch,         train/box_loss,         train/cls_loss,         train/dfl_loss,   metrics/precision(B),      metrics/recall(B),       metrics/mAP50(B),    metrics/mAP50-95(B),           val/box_loss,           val/cls_loss,           val/dfl_loss,                 lr/pg0,                 lr/pg1,                 lr/pg2
                      1,                 1.6358,                 2.0781,                 1.3733,                0.90279,                0.26597,                0.32691,                0.18979,                 1.7163,                 2.5785,                 1.4654,             0.00054592,             0.00054592,             0.00054592
                      2,                 1.5161,                 1.5025,                 1.2896,                0.66006,                0.39792,                0.44219,                0.26343,                  1.655,                 2.0389,                 1.5102,             0.00088347,             0.00088347,             0.00088347
                      3,                 1.4475,                 1.3779,                 1.2714,                0.73147,                0.49093,                0.54427,                 0.3021,                 1.5993,                 1.7547,                 1.4162,               0.001001,               0.001001,               0.001001
                      4,                 1.4004,                 1.2593,                 1.2255,                 0.6549,                0.57904,                0.60235,                0.34094,                 1.5346,                 1.4874,                 1.3252,              0.0006768,              0.0006768,              0.0006768
                      5,                 1.3541,                 1.1642,                 1.2077,                 0.6642,                0.58986,                0.59306,                0.34735,                 1.4934,                 1.4102,                 1.3103,              0.0006768,              0.0006768,              0.0006768
